dir,workDir,nrg,nConv,irredKpts,aV,bV,cV,alpha,beta,gamma,vol
/gpfs/scratch/vkb5066/bulkNew/poscarsBulkNew/10095/0.985,0.985,-120.04417174,16,14,12.49116078691092513544,12.49321724524468198358,12.49115060506488667189,89.99082228715701532612,89.99047269407620213840,89.99172602841826939950,1949.30375302783558138797
/gpfs/scratch/vkb5066/bulkNew/poscarsBulkNew/10095/0.9925,0.9925,-120.09969957,9,14,12.58627114666046435645,12.58834326386676277804,12.58626088769160068195,89.99089221657078494921,89.99054526623604609360,89.99178912979558793177,1994.17089708431329868303
/gpfs/scratch/vkb5066/bulkNew/poscarsBulkNew/10095/1.0,1.0,-120.11605641,1,14,12.68138150652126058223,12.68346928259601056454,12.68137117032691228627,89.99096109701416428719,89.99061674976966152903,89.99185128460459687896,2039.72128407352763007100
/gpfs/scratch/vkb5066/bulkNew/poscarsBulkNew/10095/1.0075,1.0075,-120.08490213,14,14,12.77649186639306221867,12.77859530133226884648,12.77648145297063294108,89.99102895191390540726,89.99068716898972845775,89.99191251398553034826,2085.96007700886844455225
/gpfs/scratch/vkb5066/bulkNew/poscarsBulkNew/10095/1.015,1.015,-120.01136496,23,14,12.87160222617562550200,12.87372131997538045916,12.87159173562257447875,89.99109580400432388223,89.99075654749030085880,89.99197283845376207627,2132.89243890179400497162
/gpfs/scratch/vkb5066/bulkNew/poscarsBulkNew/10131/0.985,0.985,-119.93494490,18,14,12.53517318906223321376,12.53477417743500379486,12.53653404409024870650,89.99085442322540288280,89.99050686390963284846,89.99175463625981101696,1969.80992357336547316680
/gpfs/scratch/vkb5066/bulkNew/poscarsBulkNew/10131/0.9925,0.9925,-119.95981030,15,14,12.63061866871440648484,12.63021661945867015065,12.63198988591903756703,89.99092410978378472728,89.99057917783821270044,89.99181752143517063385,2015.14905838460123380118
/gpfs/scratch/vkb5066/bulkNew/poscarsBulkNew/10131/1.0,1.0,-119.96504903,1,14,12.72606414837779883722,12.72565906148947963204,12.72744572775639459158,89.99099275101477480358,89.99065040701430002947,89.99187946328551122463,2061.17862363541813412606
/gpfs/scratch/vkb5066/bulkNew/poscarsBulkNew/10131/1.0075,1.0075,-119.92080626,19,14,12.82150962805215815868,12.82110150352727467272,12.82290156960212843158,89.99106037026379619141,89.99072057566410471735,89.99194048287869376946,2107.90383668430216074257
/gpfs/scratch/vkb5066/bulkNew/poscarsBulkNew/10131/1.015,1.015,-119.94050119,91,14,12.91695510773724114128,12.91654394557190022260,12.91835741145605349406,89.99112699018624467457,89.99078970729775689061,89.99200060065985483885,2155.32991488973918734605
/gpfs/scratch/vkb5066/bulkNew/poscarsBulkNew/1015/0.985,0.985,-119.91534005,20,14,12.51928484868782700077,12.51922870271327651476,12.51740959090573773090,89.99084161028621460368,89.99049365445509641500,89.99174417414185616200,1961.87594038503022358654
/gpfs/scratch/vkb5066/bulkNew/poscarsBulkNew/1015/0.9925,0.9925,-119.95187537,10,14,12.61460935103905120037,12.61455277823635069177,12.61271981513365267878,89.99091139367326119741,89.99056606821140387287,89.99180713838402424721,2007.03245863272194471124
/gpfs/scratch/vkb5066/bulkNew/poscarsBulkNew/1015/1.0,1.0,-119.96522763,1,14,12.70993385350150891656,12.70987685366657696707,12.70803003927015068197,89.99098013028033266053,89.99063739571769340639,89.99186915811506169773,2052.87662639436131802351
/gpfs/scratch/vkb5066/bulkNew/poscarsBulkNew/1015/1.0075,1.0075,-119.93037112,22,14,12.80525835597494731999,12.80520092910379917568,12.80334026341503829893,89.99104784348536774671,89.99070766123360704732,89.99193025442930907973,2099.41364002967337590467
/gpfs/scratch/vkb5066/bulkNew/poscarsBulkNew/1015/1.015,1.015,-119.85728786,40,14,12.90058285835912309492,12.90052500464786047477,12.89865048766812955243,89.99111455597531055045,89.99077688830172619737,89.99199044779760612880,2146.64869589935215391812
/gpfs/scratch/vkb5066/bulkNew/poscarsBulkNew/10257/0.985,0.985,-119.93503420,20,14,12.53520826556195599385,12.53677887422492446651,12.53480072280070168062,89.99085447841655615239,89.99050631013400404960,89.99175522853637930099,1969.85807640008586545796
/gpfs/scratch/vkb5066/bulkNew/poscarsBulkNew/10257/0.9925,0.9925,-119.95971660,15,14,12.63065401221413205814,12.63223658044866509071,12.63024336672941025383,89.99092416455782968216,89.99057862824764175376,89.99181810923555560693,2015.19831953091866126152
/gpfs/scratch/vkb5066/bulkNew/poscarsBulkNew/10257/1.0,1.0,-119.96501895,1,14,12.72609975897752557157,12.72769428667955139800,12.72568601066668997585,89.99099280537796861913,89.99064986154604786187,89.99188004667689771389,2061.22900999495078463005
/gpfs/scratch/vkb5066/bulkNew/poscarsBulkNew/10257/1.0075,1.0075,-119.92187671,17,14,12.82154550575188762339,12.82315199291742034757,12.82112865461234757167,89.99106042422225719575,89.99072003425678980191,89.99194106192673099761,2107.95536526249396530739
/gpfs/scratch/vkb5066/bulkNew/poscarsBulkNew/10257/1.015,1.015,-119.94643694,70,14,12.91699125243697170709,12.91860969916211871408,12.91657129856619752265,89.99112704374595389092,89.99078916989132129876,89.99200117542870233595,2155.38260280288845127083
/gpfs/scratch/vkb5066/bulkNew/poscarsBulkNew/11084/0.985,0.985,-119.93512711,19,14,12.53526391166151648543,12.53661200602576425789,12.53486471510031512809,89.99085444334462570335,89.99050635535820542998,89.99175520120253975897,1969.85065783149602102667
/gpfs/scratch/vkb5066/bulkNew/poscarsBulkNew/11084/0.9925,0.9925,-119.95977364,15,14,12.63071008201369546945,12.63206844164949824301,12.63030784622902781812,89.99092412975091197909,89.99057867313005302251,89.99181808210828803987,2015.19073019594242147544
/gpfs/scratch/vkb5066/bulkNew/poscarsBulkNew/11084/1.0,1.0,-119.96502327,1,14,12.72615625247709355280,12.72752487728037800631,12.72575097746630991263,89.99099277083212609277,89.99064990609182952759,89.99188001975310346658,2061.22124730913351009027
/gpfs/scratch/vkb5066/bulkNew/poscarsBulkNew/11084/1.0075,1.0075,-119.92146019,18,14,12.82160242295145832586,12.82298131291824040483,12.82119410871196983816,89.99106038993360499129,89.99072007847095358566,89.99194103520338111809,2107.94742660601755871770
/gpfs/scratch/vkb5066/bulkNew/poscarsBulkNew/11084/1.015,1.015,-119.95193760,85,14,12.91704859333654508320,12.91843774856293421121,12.91663723986582207761,89.99112700971065112067,89.99078921377873650654,89.99200114890283373151,2155.37448551960046301303
/gpfs/scratch/vkb5066/bulkNew/poscarsBulkNew/1115/0.985,0.985,-119.91489109,20,14,12.51731680200340607584,12.51857620801656721239,12.51830675170031125944,89.99084171912427085055,89.99049309115664411237,89.99174324521709291021,1961.60587956859976530409
/gpfs/scratch/vkb5066/bulkNew/poscarsBulkNew/1115/0.9925,0.9925,-119.95180983,10,14,12.61262631935451264768,12.61389531523961583131,12.61362380702826930780,89.99091150168877382567,89.99056550916989657600,89.99180621647953937464,2006.75618182179199005059
/gpfs/scratch/vkb5066/bulkNew/poscarsBulkNew/1115/1.0,1.0,-119.96560383,1,14,12.70793583661685430359,12.70921442246981862089,12.70894086236480629586,89.99098023748571355765,89.99063684086922077795,89.99186824312549579951,2052.59403893090373013485
/gpfs/scratch/vkb5066/bulkNew/poscarsBulkNew/1115/1.0075,1.0075,-119.92979165,19,14,12.80324535389017857317,12.80453352970701600835,12.80425791770973399643,89.99104794989267876909,89.99070711051573806123,89.99192934625170185905,2099.12464654035804952705
/gpfs/scratch/vkb5066/bulkNew/poscarsBulkNew/1115/1.015,1.015,-119.88883155,81,14,12.89855487127424000096,12.89985263695105284323,12.89957497306286304619,89.99111466159627568498,89.99077634165346545532,89.99198954633132186198,2146.35320029554590777584
/gpfs/scratch/vkb5066/bulkNew/poscarsBulkNew/11754/0.985,0.985,-119.93554260,21,14,12.53644166439045776249,12.53469792559316196953,12.53656996682546040190,89.99269886976308024223,89.99060540778998381462,89.99087963745400747455,1970.00292116412633701596
/gpfs/scratch/vkb5066/bulkNew/poscarsBulkNew/11754/0.9925,0.9925,-119.95989215,17,14,12.63189680263990045020,12.63013978720253304913,12.63202608198446136672,89.99275461921178291209,89.99067697683182805910,89.99094913338704828905,2015.34649814686537415157
/gpfs/scratch/vkb5066/bulkNew/poscarsBulkNew/11754/1.0,1.0,-119.96482931,1,14,12.72735194089910140200,12.72558164881776355499,12.72748219725307900732,89.99280953237825439188,89.99074747229783892818,89.99101758685341148577,2061.38057323084717293878
/gpfs/scratch/vkb5066/bulkNew/poscarsBulkNew/11754/1.0075,1.0075,-119.92116725,17,14,12.82280707916784278916,12.82102351043872263145,12.82293831253109519785,89.99286362793964131850,89.99081691816450317170,89.99108502113460367075,2108.11036427002187052971
/gpfs/scratch/vkb5066/bulkNew/poscarsBulkNew/11754/1.015,1.015,-119.95207632,82,14,12.91826221744591322420,12.91646537206528499050,12.91839442771830315902,89.99291692402103057579,89.99088533769962088662,89.99115145882399346623,2155.54108911736891208752
/gpfs/scratch/vkb5066/bulkNew/poscarsBulkNew/1778/0.985,0.985,-119.91412451,20,14,12.51729369932215203132,12.51772025396327174036,12.51748251325480666022,89.99268821515459940781,89.99059094628410164579,89.99086623227869386883,1961.33899200091011731253
/gpfs/scratch/vkb5066/bulkNew/poscarsBulkNew/1778/0.9925,0.9925,-119.95210154,10,14,12.61260304097059944689,12.61303284387211421449,12.61279329251283098959,89.99274404512455407421,89.99066262461515763813,89.99093582951566830611,2006.48315124762964453833
/gpfs/scratch/vkb5066/bulkNew/poscarsBulkNew/1778/1.0,1.0,-119.96654273,1,14,12.70791238252882015481,12.70834543388682236157,12.70810407178048485691,89.99279903760434027431,89.99073322773084441235,89.99100438276631538488,2052.31477181942114592369
/gpfs/scratch/vkb5066/bulkNew/poscarsBulkNew/1778/1.0075,1.0075,-119.93098134,18,14,12.80322172409659589229,12.80365802390726854885,12.80341485105755340826,89.99285321129808491865,89.99080277964434326917,89.99107191534609303238,2098.83904863813740256820
/gpfs/scratch/vkb5066/bulkNew/poscarsBulkNew/1778/1.015,1.015,-119.85764254,38,14,12.89853106577371484768,12.89897061383332391649,12.89872563034382774595,89.99290658435705662756,89.99087130365905470726,89.99113844988131527271,2146.06117662563034861098
/gpfs/scratch/vkb5066/bulkNew/poscarsBulkNew/1785/0.985,0.985,-119.91587087,19,14,12.51833790171496091211,12.51925187025694017605,12.51947383354129413317,89.99268926050695930894,89.99059214988090804318,89.99086714956106171690,1962.05468991470289234682
/gpfs/scratch/vkb5066/bulkNew/poscarsBulkNew/1785/0.9925,0.9925,-119.95195684,10,14,12.61365519406346147674,12.61457612236582910423,12.61479977519942097341,89.99274508257681783549,89.99066381911611906238,89.99093673986605776991,2007.21532240803435137499
/gpfs/scratch/vkb5066/bulkNew/poscarsBulkNew/1785/1.0,1.0,-119.96511119,1,14,12.70897248642173631779,12.70990037438058468835,12.71012571676717582060,89.99280006727493364913,89.99073441327239579334,89.99100528628869507268,2053.06366705125787500027
/gpfs/scratch/vkb5066/bulkNew/poscarsBulkNew/1785/1.0075,1.0075,-119.92964408,18,14,12.80428977878956359139,12.80522462640107771089,12.80545165834434205434,89.99285423330287635853,89.99080395635988445646,89.99107281214212575402,2099.60492069320613328123
/gpfs/scratch/vkb5066/bulkNew/poscarsBulkNew/1785/1.015,1.015,-119.93572781,100,14,12.89960707116673510420,12.90054887852717742675,12.90077760003071450952,89.99290759880943039734,89.99087247167904207525,89.99113934005042774977,2146.84428018465128592114
/gpfs/scratch/vkb5066/bulkNew/poscarsBulkNew/2612/0.985,0.985,-119.91390228,22,14,12.51680110954232049705,12.51774486927314671315,12.51586627724905007210,89.99180161125966426968,89.99095922099619722433,89.99013070006412470462,1961.01242305137956779052
/gpfs/scratch/vkb5066/bulkNew/poscarsBulkNew/2612/0.9925,0.9925,-119.95194588,10,14,12.61210670086895363407,12.61305764603430702112,12.61116475012601088988,89.99186414220499506230,89.99102811586652126897,89.99020585579897436005,2006.14906571824038211334
/gpfs/scratch/vkb5066/bulkNew/poscarsBulkNew/2612/1.0,1.0,-119.96722577,1,14,12.70741229210268538648,12.70837042270654992812,12.70646322311231561716,89.99192573512766522009,89.99109597728129484012,89.99027988416520153915,2051.97305523108828369978
/gpfs/scratch/vkb5066/bulkNew/poscarsBulkNew/2612/1.0075,1.0075,-119.93214569,18,14,12.80271788334336098147,12.80368319938962623116,12.80176169610775714371,89.99198641097737454416,89.99116282832087800992,89.99035281034057231459,2098.48958566247686730820
/gpfs/scratch/vkb5066/bulkNew/poscarsBulkNew/2612/1.015,1.015,-119.93854033,100,14,12.89802347469082453316,12.89899597618329914265,12.89706016901213312804,89.99204619008457307993,89.99122869138343495459,89.99042465875865862852,2145.70385108592813934568
/gpfs/scratch/vkb5066/bulkNew/poscarsBulkNew/2738/0.985,0.985,-119.92577123,22,14,12.52727765498993410803,12.52884254098654220150,12.52882637116376325758,89.99180952335642670443,89.99096789225904506285,89.99013929875646873481,1966.42790514854452137218
/gpfs/scratch/vkb5066/bulkNew/poscarsBulkNew/2738/0.9925,0.9925,-119.95458046,10,14,12.62266301691696062203,12.62423981774835675192,12.62422352504136756184,89.99187199450508595214,89.99103672159939002492,89.99021438951000072829,2011.68919601884952836227
/gpfs/scratch/vkb5066/bulkNew/poscarsBulkNew/2738/1.0,1.0,-119.96353280,1,14,12.71804837885108351278,12.71963709452124418395,12.71962067892830780894,89.99193352852815152340,89.99110451846718137166,89.99028835386976282653,2057.63973191085680135180
/gpfs/scratch/vkb5066/bulkNew/poscarsBulkNew/2738/1.0075,1.0075,-119.92465565,19,14,12.81343374079214244059,12.81503437130495701465,12.81501783282437380389,89.99199414635527696644,89.99117130592084051903,89.99036121699167149978,2104.28472122523442463301
/gpfs/scratch/vkb5066/bulkNew/poscarsBulkNew/2738/1.015,1.015,-119.90519759,100,14,12.90881910273998384874,12.91043164809925546989,12.91041498672936661411,89.99205386829747496745,89.99123710633723237532,89.99043300328809610038,2151.62937236265171205178
/gpfs/scratch/vkb5066/bulkNew/poscarsBulkNew/2774/0.985,0.985,-120.04484562,19,14,12.49155710866891442699,12.49305793226635137448,12.49289847500063166871,89.99178579860330478560,89.99094176007952551981,89.99011085595174260123,1949.61351013275302251376
/gpfs/scratch/vkb5066/bulkNew/poscarsBulkNew/2774/0.9925,0.9925,-120.09944748,8,14,12.58667048669458904286,12.58818273742605079610,12.58802206617644394545,89.99184844905475337150,89.99101078690474846730,89.99018616165081154345,1994.48778390104229042137
/gpfs/scratch/vkb5066/bulkNew/poscarsBulkNew/2774/1.0,1.0,-120.11667230,1,14,12.68178386472738032293,12.68330754249685661655,12.68314565736162081395,89.99191015969069589157,89.99107877829495984924,89.99026033773169779493,2040.04540912642780121044
/gpfs/scratch/vkb5066/bulkNew/poscarsBulkNew/2774/1.0075,1.0075,-120.08509218,22,14,12.77689724276712747446,12.77843234757851714375,12.77826924855595137960,89.99197095150090458538,89.99114575737474112930,89.99033340942237593708,2086.29154968954538463688
/gpfs/scratch/vkb5066/bulkNew/poscarsBulkNew/2774/1.015,1.015,-120.01067872,25,14,12.87201062081367470104,12.87355715277079351551,12.87339283975923262794,89.99203084485472226846,89.99121174658516995986,89.99040540120514070391,2133.23136947199711110173
/gpfs/scratch/vkb5066/bulkNew/poscarsBulkNew/2886/0.985,0.985,-120.04426356,18,14,12.49189806216720151409,12.49293851636728730268,12.49105043371285176849,89.99178517615099957550,89.99094108191485731174,89.99011091806674922653,1949.35968196337160296914
/gpfs/scratch/vkb5066/bulkNew/poscarsBulkNew/2886/0.9925,0.9925,-120.09888792,8,14,12.58701403629288887611,12.58806241222698094835,12.58615995358857269685,89.99184783130674861118,89.99101011386505007859,89.99018622329638139738,1994.22811337345668546857
/gpfs/scratch/vkb5066/bulkNew/poscarsBulkNew/2886/1.0,1.0,-120.11624722,1,14,12.68213001042569280815,12.68318630809777909821,12.68126947337365960284,89.99190954657642225210,89.99107811030331114333,89.99026039891491686337,2039.77980727253146415996
/gpfs/scratch/vkb5066/bulkNew/poscarsBulkNew/2886/1.0075,1.0075,-120.08525563,17,14,12.77724598456545242179,12.77831020397943215861,12.77637899316789976027,89.99197034295136387485,89.99114509435598386390,89.99033347015012611244,2086.01992686893002244778
/gpfs/scratch/vkb5066/bulkNew/poscarsBulkNew/2886/1.015,1.015,-120.01070052,22,14,12.87236195871201192484,12.87343409987170286579,12.87148851307109212401,89.99203024080244456717,89.99121108846584564102,89.99040546148411166428,2132.95363537195327888137
/gpfs/scratch/vkb5066/bulkNew/poscarsBulkNew/2915/0.985,0.985,-119.93544458,20,14,12.53479117205241648674,12.53712443952201135217,12.53500897392314013908,89.99181432942486237682,89.99097279157980028017,89.99014560254833691869,1969.87955296260074636094
/gpfs/scratch/vkb5066/bulkNew/poscarsBulkNew/2915/0.9925,0.9925,-119.95996889,16,14,12.63023374347972780630,12.63258477648431414003,12.63045320350105102555,89.99187676425113542168,89.99104158389520147708,89.99022064566343279912,2015.22029045768295913357
/gpfs/scratch/vkb5066/bulkNew/poscarsBulkNew/2915/1.0,1.0,-119.96489502,1,14,12.72567631491412945001,12.72804511335768049571,12.72589743298829315078,89.99193826249665372757,89.99110934429341816258,89.99029456309933523228,2061.25148276614814115999
/gpfs/scratch/vkb5066/bulkNew/poscarsBulkNew/2915/1.0075,1.0075,-119.92150302,19,14,12.82111888635546307317,12.82350545024186699882,12.82134166248465822195,89.99199884507896799174,89.99117609582050735996,89.99036737999604048115,2107.97834746233093850507
/gpfs/scratch/vkb5066/bulkNew/poscarsBulkNew/2915/1.015,1.015,-119.95212197,74,14,12.91656145780357681122,12.91896578723663203306,12.91678589208994400564,89.99205853229733744798,89.99124186084133782110,89.99043912075047379046,2155.40610212250891219345
/gpfs/scratch/vkb5066/bulkNew/poscarsBulkNew/2999/0.985,0.985,-119.93515552,19,14,12.53615042544563453479,12.53803064991495573262,12.53586188651753825287,89.99181491000896483933,89.99097356560233877953,89.99014647414700463994,1970.36962588867225392052
/gpfs/scratch/vkb5066/bulkNew/poscarsBulkNew/2999/0.9925,0.9925,-119.96000197,16,14,12.63160334657299730611,12.63349788687731063962,12.63131261029549226531,89.99187734044735872389,89.99104235206831094770,89.99022151067530277305,2015.72164338392705494479
/gpfs/scratch/vkb5066/bulkNew/poscarsBulkNew/2999/1.0,1.0,-119.96440744,1,14,12.72705626760744953330,12.72896512385073031389,12.72676333408277528097,89.99193883437088715771,89.99111010670485736241,89.99029542162322413172,2061.76428748191563498496
/gpfs/scratch/vkb5066/bulkNew/poscarsBulkNew/2999/1.0075,1.0075,-119.98477458,83,14,12.82250918864883298831,12.82443236083496925368,12.82221405787918232187,89.99199941269556794546,89.99117685255606319615,89.99036823212855147839,2108.50277703930087701506
/gpfs/scratch/vkb5066/bulkNew/poscarsBulkNew/2999/1.015,1.015,-119.94692221,79,14,12.91796210979699412278,12.91989959782978416075,12.91766478168450766898,89.99205909571916953676,89.99124261198488621188,89.99043996658605586757,2155.94233091371570245953
/gpfs/scratch/vkb5066/bulkNew/poscarsBulkNew/3297/0.985,0.985,-119.91471050,21,14,12.51931639296830792037,12.51715734828936276383,12.51735977154217717270,89.99101391263228476370,89.98880031584671716449,89.99083249546573288353,1961.54846151538641772418
/gpfs/scratch/vkb5066/bulkNew/poscarsBulkNew/3297/0.9925,0.9925,-119.95189549,10,14,12.61464113546073785344,12.61246565183251580173,12.61266961597939094126,89.99108239519674223511,89.98888552563249227493,89.99090234908899282745,2006.69744228183519300107
/gpfs/scratch/vkb5066/bulkNew/poscarsBulkNew/3297/1.0,1.0,-119.96591547,1,14,12.70996587796528322236,12.70777395538402153798,12.70797946042804471816,89.99114985047562233614,89.98896945722750159613,89.99097115485858744062,2052.53395779728411961769
/gpfs/scratch/vkb5066/bulkNew/poscarsBulkNew/3297/1.0075,1.0075,-119.93052721,18,14,12.80529062048166980152,12.80308225894369333591,12.80328930488788647915,89.99121630141183027626,89.98905213917792744374,89.99103893617680678917,2099.06320353842541061090
/gpfs/scratch/vkb5066/bulkNew/poscarsBulkNew/3297/1.015,1.015,-119.90142909,100,14,12.90061536300963856115,12.89839056251135217222,12.89859914935866485240,89.99128177027012395525,89.98913359918618562906,89.99110571575421852501,2146.29037498195167526554
/gpfs/scratch/vkb5066/bulkNew/poscarsBulkNew/3471/0.985,0.985,-119.91491627,19,14,12.51850090357526881431,12.51917316647749591495,12.51696767334534032019,89.99101450368099843022,89.98879977431974488345,89.99083285196103669072,1961.67511491166000060473
/gpfs/scratch/vkb5066/bulkNew/poscarsBulkNew/3471/0.9925,0.9925,-119.95201956,10,14,12.61381943676764764003,12.61449681892074031525,12.61227453228252819403,89.99108298177869940851,89.98888498819796130430,89.99090270289007451494,2006.82701087012660237087
/gpfs/scratch/vkb5066/bulkNew/poscarsBulkNew/3471/1.0,1.0,-119.96612249,1,14,12.70913796997214069072,12.70982047137233416898,12.70758139123116013464,89.99115043265782994057,89.98896892382402147199,89.99097150600586417928,2052.66648597067321326168
/gpfs/scratch/vkb5066/bulkNew/poscarsBulkNew/3471/1.0075,1.0075,-119.93091764,18,14,12.80445650318847582315,12.80514412383209296948,12.80288825019097690975,89.99121687925979974312,89.98905160974547709535,89.99103928470979377601,2099.19873602545671281975
/gpfs/scratch/vkb5066/bulkNew/poscarsBulkNew/3471/1.015,1.015,-119.85729624,34,14,12.89977503641639399042,12.90046777629983732262,12.89819510916173403978,89.99128234384791496516,89.98913307366607598763,89.99110606171155384961,2146.42895684663592845673
/gpfs/scratch/vkb5066/bulkNew/poscarsBulkNew/3982/0.985,0.985,-119.91497638,21,14,12.51849658577530547704,12.51701775839018474830,12.51901652502881939090,89.99101445924477004179,89.98880070659086928606,89.99083212042281236093,1961.65774288244813443991
/gpfs/scratch/vkb5066/bulkNew/poscarsBulkNew/3982/0.9925,0.9925,-119.95309496,16,14,12.61381508606768482441,12.61232499903333057642,12.61433898436613330572,89.99108293767826851180,89.98888591342372484429,89.99090197688038747704,2006.80923897596881029775
/gpfs/scratch/vkb5066/bulkNew/poscarsBulkNew/3982/1.0,1.0,-119.96601599,1,14,12.70913358637217670091,12.70763223978483109548,12.70966144371488751468,89.99115038888819397037,89.98896984211011491149,89.99097078544181107159,2052.64830813833229550969
/gpfs/scratch/vkb5066/bulkNew/poscarsBulkNew/3982/1.0075,1.0075,-119.93077662,18,14,12.80445208668851236322,12.80293948054449776729,12.80498390307482652736,89.99121683581603302983,89.98905252119522480661,89.99103856951029082572,2099.18014612001251597628
/gpfs/scratch/vkb5066/bulkNew/poscarsBulkNew/3982/1.015,1.015,-119.94525011,100,14,12.89977058701642926437,12.89824672121214976710,12.90030636244570070475,89.99128230072516627102,89.98913397838051594714,89.99110535179728270073,2146.40994867051400669774
/gpfs/scratch/vkb5066/bulkNew/poscarsBulkNew/4082/0.985,0.985,-119.91372685,20,14,12.51589975749748051674,12.51718168448921869524,12.51705358444464677941,89.99101381106341698764,89.98879865621439359483,89.99083113740336322429,1960.96898128107371443583
/gpfs/scratch/vkb5066/bulkNew/poscarsBulkNew/4082/0.9925,0.9925,-119.95164212,10,14,12.61119848498969049676,12.61249017333237391577,12.61236109758184078839,89.99108229439549417613,89.98888387854237793480,89.99090100128995243625,2006.10462415542933937341
/gpfs/scratch/vkb5066/bulkNew/poscarsBulkNew/4082/1.0,1.0,-119.96688903,1,14,12.70649721249401911944,12.70779866218388001843,12.70766861063047688640,89.99114975043044238414,89.98896782249140782482,89.99096981716891411711,2051.92759865157881440642
/gpfs/scratch/vkb5066/bulkNew/poscarsBulkNew/4082/1.0075,1.0075,-119.93113821,18,14,12.80179594001019218530,12.80310715104355406687,12.80297612369029954212,89.99121620211146291852,89.98905051661190815096,89.99103760844597503245,2098.44309872703220772251
/gpfs/scratch/vkb5066/bulkNew/poscarsBulkNew/4082/1.015,1.015,-119.91629792,100,14,12.89709466753794889291,12.89841563991121323818,12.89828363686106087691,89.99128167170359528060,89.98913198861042073058,89.99110439783504138184,2145.65631834026843386906
/gpfs/scratch/vkb5066/bulkNew/poscarsBulkNew/4089/0.985,0.985,-119.91303465,17,14,12.51563520619974097984,12.51481836640313378392,12.51673261664723481287,89.99101283631201239697,89.98879839211139689876,89.99083023110166396468,1960.50702362802170014185
/gpfs/scratch/vkb5066/bulkNew/poscarsBulkNew/4089/0.9925,0.9925,-119.95099319,10,14,12.61093191929193428550,12.61010886044618354883,12.61203768578440956181,89.99108132701062176394,89.98888361643520102763,89.99090010183755988750,2005.63203359864135378728
/gpfs/scratch/vkb5066/bulkNew/poscarsBulkNew/4089/1.0,1.0,-119.96759560,1,14,12.70622863249624458909,12.70539935449758757319,12.70734275493302679238,89.99114879030163089601,89.98896756235020024140,89.99096892446311654894,2051.44421330376016908226
/gpfs/scratch/vkb5066/bulkNew/poscarsBulkNew/4089/1.0075,1.0075,-119.93222555,18,14,12.80152534571240138629,12.80068984855715928546,12.80264782409283076752,89.99121524913066855522,89.98905025840739636190,89.99103672238631829564,2097.94875544599229795849
/gpfs/scratch/vkb5066/bulkNew/poscarsBulkNew/4089/1.015,1.015,-119.90972265,93,14,12.89682205884014217090,12.89598034262471582851,12.89795289326357360299,89.99128072576514129915,89.98913173231389591130,89.99110351832325660611,2145.15085272698293067330
/gpfs/scratch/vkb5066/bulkNew/poscarsBulkNew/4209/0.985,0.985,-119.91578013,20,14,12.51896012248686016838,12.51994933899981182998,12.51781198411416694803,89.98999848836952226509,89.98934057673334563307,89.99110617892824986901,1962.00103499891617296756
/gpfs/scratch/vkb5066/bulkNew/poscarsBulkNew/4209/0.9925,0.9925,-119.95196657,10,14,12.61428215232449115345,12.61527890124691653051,12.61312527177048287691,89.99007464381102762995,89.98942170403557570236,89.99117396484126961099,2007.16043265483667345684
/gpfs/scratch/vkb5066/bulkNew/poscarsBulkNew/4209/1.0,1.0,-119.96525692,1,14,12.70960418217355767661,12.71060846340381456110,12.70843855953795416296,89.99014965687906664879,89.98950161438296156392,89.99124073390989303123,2053.00752368955624153343
/gpfs/scratch/vkb5066/bulkNew/poscarsBulkNew/4209/1.0075,1.0075,-119.92992534,18,14,12.80492621203380435363,12.80593802557028730926,12.80375184731633158210,89.99022355308663514564,89.98958033495411628398,89.99130650884406982266,2099.54750477847821525406
/gpfs/scratch/vkb5066/bulkNew/poscarsBulkNew/4209/1.015,1.015,-119.88546645,77,14,12.90024824190498334860,12.90126758784612262689,12.89906513500537327350,89.99029635719262386651,89.98965789212431702430,89.99137131168247922924,2146.78557259700576720305
/gpfs/scratch/vkb5066/bulkNew/poscarsBulkNew/4249/0.985,0.985,-120.04598648,16,14,12.49469064858282058580,12.49522704777075740911,12.49341785630632545557,89.98997866774331496102,89.98931966723904288236,89.99108861481035736611,1950.52223759445891331819
/gpfs/scratch/vkb5066/bulkNew/poscarsBulkNew/4249/0.9925,0.9925,-120.10026078,8,14,12.58982788541897185833,12.59036836921657023100,12.58854540196119009757,89.99005497297394344799,89.98940095255942348103,89.99115653346436295831,1995.41742766327534425422
/gpfs/scratch/vkb5066/bulkNew/poscarsBulkNew/4249/1.0,1.0,-120.11746861,1,14,12.68496512236657908034,12.68550969057219585963,12.68367294762723167882,89.99013013358406698226,89.98948101855450881992,89.99122343328267955856,2040.99628772234442402886
/gpfs/scratch/vkb5066/bulkNew/poscarsBulkNew/4249/1.0075,1.0075,-120.08321886,13,14,12.78010235932538807236,12.78065101193741524977,12.77880049330419898801,89.99020417513690309811,89.98955989245585577799,89.99128933701969204097,2087.26398404363233483756
/gpfs/scratch/vkb5066/bulkNew/poscarsBulkNew/4249/1.015,1.015,-120.00699914,22,14,12.87523959619515071786,12.87579233341201553340,12.87392803899185319154,89.99027712244008198358,89.98963760069012027355,89.99135426675720238146,2134.22568289910574970185
/gpfs/scratch/vkb5066/bulkNew/poscarsBulkNew/4304/0.985,0.985,-119.92526027,22,14,12.52710160112129356877,12.52673633355300095086,12.52865659412898067768,89.99000543043955742881,89.98934874868408234734,89.99111158938388854293,1966.04304462537242375945
/gpfs/scratch/vkb5066/bulkNew/poscarsBulkNew/4304/0.9925,0.9925,-119.95449945,10,14,12.62248562195941902424,12.62211757330045939136,12.62405245508594062675,89.99008153341813422012,89.98942981422899487412,89.99117933440737724744,2011.29547726446611549907
/gpfs/scratch/vkb5066/bulkNew/poscarsBulkNew/4304/1.0,1.0,-119.96359438,1,14,12.71786964280897448576,12.71749881315770605447,12.71944831595404617873,89.99015649481026099293,89.98950966374540436218,89.99124606319993964291,2057.23702003169948769520
/gpfs/scratch/vkb5066/bulkNew/poscarsBulkNew/4304/1.0075,1.0075,-119.92454772,18,14,12.81325366366970093506,12.81288005302452224758,12.81484417683304852360,89.99023034011134287548,89.98958832439132177687,89.99131179845776318386,2103.87288030839082191929
/gpfs/scratch/vkb5066/bulkNew/poscarsBulkNew/4304/1.015,1.015,-119.90274086,100,14,12.90863768454135269731,12.90826129280069573888,12.91024003782270590832,89.99030309406319986618,89.98966582252202800734,89.99137656220617431924,2151.20826547585913047899
/gpfs/scratch/vkb5066/bulkNew/poscarsBulkNew/4424/0.985,0.985,-119.91348821,20,14,12.51625686020864892168,12.51729041571816458125,12.51502595203607411453,89.98999630096136169659,89.98933822125303890444,89.99110425532611393116,1960.72429688620466878545
/gpfs/scratch/vkb5066/bulkNew/poscarsBulkNew/4424/0.9925,0.9925,-119.95262302,16,14,12.61155830684611575006,12.61259973236513059368,12.61031802639222618715,89.99007247293367929933,89.98941936635627278320,89.99117205577678035192,2005.85430787489636251935
/gpfs/scratch/vkb5066/bulkNew/poscarsBulkNew/4424/1.0,1.0,-119.96754912,1,14,12.70685975349502058637,12.70790904892189201649,12.70561010065953420183,89.99014750228447672942,89.98949929423754111580,89.99123883916496289350,2051.67156470637516757908
/gpfs/scratch/vkb5066/bulkNew/poscarsBulkNew/4424/1.0075,1.0075,-119.93245728,18,14,12.80216120015510619125,12.80321836548823019073,12.80090217493775077744,89.99022141453236239101,89.98957803208150898239,89.99130462820547995607,2098.18126070573012320266
/gpfs/scratch/vkb5066/bulkNew/poscarsBulkNew/4424/1.015,1.015,-119.94753695,100,14,12.89746264682612827524,12.89852768216393282322,12.89619424932663409788,89.99029423444167159024,89.98965560626932554031,89.99136944494173838152,2145.38858919998840768440
/gpfs/scratch/vkb5066/bulkNew/poscarsBulkNew/4431/0.985,0.985,-119.91336302,20,14,12.51639251260755627584,12.51545970343080519107,12.51535893743345511048,89.98999561788696664287,89.98933842499266066577,89.99110374285047335272,1960.51094081911786311267
/gpfs/scratch/vkb5066/bulkNew/poscarsBulkNew/4431/0.9925,0.9925,-119.95186551,15,14,12.61169499214502976844,12.61075508057767688070,12.61065354718962537423,89.99007179502135461642,89.98941956855618197352,89.99117154717424305991,2005.63604097726980109685
/gpfs/scratch/vkb5066/bulkNew/poscarsBulkNew/4431/1.0,1.0,-119.96718739,1,14,12.70699747169394284501,12.70605045773434371288,12.70594815685695488317,89.99014682945683053899,89.98949949492083544116,89.99123833437745569600,2051.44831221139032679367
/gpfs/scratch/vkb5066/bulkNew/poscarsBulkNew/4431/1.0075,1.0075,-119.93186080,18,14,12.80229995125403666895,12.80134583490058869734,12.80124276653519076281,89.99022074671368752408,89.98957823127076971864,89.99130412717619570185,2097.95294726579490518113
/gpfs/scratch/vkb5066/bulkNew/poscarsBulkNew/4431/1.015,1.015,-119.89328258,86,14,12.89760243082506685349,12.89664121207620131052,12.89653737632409320346,89.99029357155789750508,89.98965580398663414201,89.99136894761510091221,2145.15513888576977973304
/gpfs/scratch/vkb5066/bulkNew/poscarsBulkNew/4531/0.985,0.985,-119.91304819,21,14,12.51603482641044073582,12.51455076903708277830,12.51471322093853464094,89.98999498200099532516,89.98933799059604311275,89.99110331544565591792,1960.21139634597465398765
/gpfs/scratch/vkb5066/bulkNew/poscarsBulkNew/4531/0.9925,0.9925,-119.95175692,16,14,12.61133458244789273679,12.60983922528390633154,12.61000291409466652544,89.99007116394088986933,89.98941913744241210788,89.99117112299953915495,2005.32960187686442859646
/gpfs/scratch/vkb5066/bulkNew/poscarsBulkNew/4531/1.0,1.0,-119.96807737,1,14,12.70663433849678294861,12.70512768164052763820,12.70529260716195633081,89.99014620310982644049,89.98949906704066714472,89.99123791338443795033,2051.13487350741944808516
/gpfs/scratch/vkb5066/bulkNew/poscarsBulkNew/4531/1.0075,1.0075,-119.93274871,18,14,12.80193409455685762737,12.80041613800672589281,12.80058230024015506973,89.99022012502966816497,89.98957780657605734160,89.99130370931749031095,2097.63240317290156415542
/gpfs/scratch/vkb5066/bulkNew/poscarsBulkNew/4531/1.015,1.015,-119.88871585,80,14,12.89723385062786547922,12.89570459428229255703,12.89587199342902072001,89.99029295446790306558,89.98965538243029646325,89.99136853284435124379,2144.82738280857266495214
/gpfs/scratch/vkb5066/bulkNew/poscarsBulkNew/4572/0.985,0.985,-120.04631356,18,14,12.49436709064429358955,12.49368942988354707013,12.49577825882726839188,89.99129702439702471029,89.99028388017283045916,89.99035412644326395494,1950.60017928316323117569
/gpfs/scratch/vkb5066/bulkNew/poscarsBulkNew/4572/0.9925,0.9925,-120.10009144,8,14,12.58950186390869429903,12.58881904320608884396,12.59092377768272884333,89.99136336730420930382,89.99035787829348579547,89.99042759541661668091,1995.49716324048448644804
/gpfs/scratch/vkb5066/bulkNew/poscarsBulkNew/4572/1.0,1.0,-120.11696389,1,14,12.68463663728412899549,12.68394865664029427974,12.68606929654485917296,89.99142871502479017268,89.99043076641106984068,89.99049996229912049248,2041.07784453694186964904
/gpfs/scratch/vkb5066/bulkNew/poscarsBulkNew/4572/1.0075,1.0075,-120.08235656,12,14,12.77977141067035136309,12.77907827008589943967,12.78121481541350866589,89.99149308978468839708,89.99050256931538498142,89.99057125170439579894,2087.34738961970890429393
/gpfs/scratch/vkb5066/bulkNew/poscarsBulkNew/4572/1.015,1.015,-120.00610623,22,14,12.87490618396712206924,12.87420788344265318360,12.87636033428853110862,89.99155651315287907288,89.99057331106350817114,89.99064148751853749878,2134.31096493402891008949
/gpfs/scratch/vkb5066/bulkNew/poscarsBulkNew/4884/0.985,0.985,-119.91561036,22,14,12.51892418385334354294,12.51959712697064199195,12.51768866972430003224,89.99131408555690138496,89.99030217106367930614,89.99037374609420283945,1961.92088954411173199192
/gpfs/scratch/vkb5066/bulkNew/poscarsBulkNew/4884/0.9925,0.9925,-119.95199211,9,14,12.61424594011918620169,12.61492400709479341363,12.61300101918053818411,89.99138029952745806352,89.99037603095826219538,89.99044706679304104673,2007.07844243042776348721
/gpfs/scratch/vkb5066/bulkNew/poscarsBulkNew/4884/1.0,1.0,-119.96590116,1,14,12.70956769639604300393,12.71025088723058256535,12.70831336854343454311,89.99144552024555508363,89.99044878292320414401,89.99051928762529739787,2052.92366058664605484149
/gpfs/scratch/vkb5066/bulkNew/poscarsBulkNew/4884/1.0075,1.0075,-119.93084167,18,14,12.80488945268366621644,12.80557776737774954743,12.80362571791283855454,89.99150976989398625339,89.99052045170207716232,89.99059043315499361870,2099.46174049155381706634
/gpfs/scratch/vkb5066/bulkNew/poscarsBulkNew/4884/1.015,1.015,-119.93789471,100,14,12.90021120898181537495,12.90090464753604204196,12.89893806738860615744,89.99157306999986999169,89.99059106130709175748,89.99066052722008220315,2146.69787862490780890276
/gpfs/scratch/vkb5066/bulkNew/poscarsBulkNew/5152/0.985,0.985,-120.04533540,18,14,12.49264395915772005253,12.49391835008166168321,12.49369938283705629345,89.99129654449071775775,89.99028240581224366763,89.99035358024388522117,1950.04242719083049038381
/gpfs/scratch/vkb5066/bulkNew/poscarsBulkNew/5152/0.9925,0.9925,-120.10017740,8,14,12.58776561212201909965,12.58904970650421800160,12.58882907269244407635,89.99136289102484910685,89.99035641507480055596,89.99042705334515796007,1994.92657337042714260821
/gpfs/scratch/vkb5066/bulkNew/poscarsBulkNew/5152/1.0,1.0,-120.11742685,1,14,12.68288726519735545568,12.68418106293843606908,12.68395876255450104696,89.99142824231792463052,89.99042931416714864944,89.99049942429361842939,2040.49422137777751034846
/gpfs/scratch/vkb5066/bulkNew/poscarsBulkNew/5152/1.0075,1.0075,-120.08402474,16,14,12.77800891828347907080,12.77931241938405705179,12.77908845242307826562,89.99149262059712655145,89.99050112788282166991,89.99057071770430931681,2086.75053619837169459242
/gpfs/scratch/vkb5066/bulkNew/poscarsBulkNew/5152/1.015,1.015,-120.00824300,25,14,12.87313057128015257941,12.87444377584082481344,12.87421814229803119479,89.99155604743264237160,89.99057188028252136045,89.99064095746470334282,2133.70068281673452962779
/gpfs/scratch/vkb5066/bulkNew/poscarsBulkNew/5180/0.985,0.985,-119.93533343,19,14,12.53539234532571066642,12.53675832313009919721,12.53707045463351492861,89.99132669326150780229,89.99031601896774672844,89.99038677284161999643,1970.24046425617142391853
/gpfs/scratch/vkb5066/bulkNew/poscarsBulkNew/5180/0.9925,0.9925,-119.95990247,17,14,12.63083949369251881056,12.63221587225531335515,12.63253038099043901617,89.99139281195130747328,89.99038977421218543412,89.99045999509145783899,2015.58950885280045264886
/gpfs/scratch/vkb5066/bulkNew/poscarsBulkNew/5180/1.0,1.0,-119.96448755,1,14,12.72628664207032493091,12.72767342139214751259,12.72799030745401101942,89.99145793881803834567,89.99046242309689381593,89.99053211895160199039,2061.62913481283051564297
/gpfs/scratch/vkb5066/bulkNew/poscarsBulkNew/5180/1.0075,1.0075,-119.92172741,17,14,12.82173379045888331735,12.82313097054034572562,12.82345023392408071438,89.99152209601251408108,89.99053399033031037640,89.99060316895308185447,2108.36456061939605357524
/gpfs/scratch/vkb5066/bulkNew/poscarsBulkNew/5180/1.015,1.015,-119.93931190,77,14,12.91718093885795551913,12.91858851969965432157,12.91891016030050396400,89.99158530503082050687,89.99060449989055978176,89.99067316890184531221,2155.80100475465905028419
/gpfs/scratch/vkb5066/bulkNew/poscarsBulkNew/5326/0.985,0.985,-119.91412164,21,14,12.51719152226679155670,12.51597573700034965989,12.51805020182260352376,89.99131265221068756075,89.99030154380580209817,89.99037163691220941867,1961.13857019179083031888
/gpfs/scratch/vkb5066/bulkNew/poscarsBulkNew/5326/0.9925,0.9925,-119.95181243,10,14,12.61250008563253349202,12.61127504302427589695,12.61336530397885659219,89.99137887701327612508,89.99037540844055118560,89.99044497355101902113,2006.27811639528812553913
/gpfs/scratch/vkb5066/bulkNew/poscarsBulkNew/5326/1.0,1.0,-119.96648832,1,14,12.70780864910928929442,12.70657434915984503051,12.70868040614176417505,89.99144410840098297900,89.99044816507463039645,89.99051721008420083505,2052.10505370849227096878
/gpfs/scratch/vkb5066/bulkNew/poscarsBulkNew/5326/1.0075,1.0075,-119.93157809,22,14,12.80311721259681299741,12.80187365530679348652,12.80399550831118112239,89.99150836856015918735,89.99051983845311903838,89.99058837108103724050,2098.62457649108845073584
/gpfs/scratch/vkb5066/bulkNew/poscarsBulkNew/5326/1.015,1.015,-119.93894064,32,14,12.89842577599486580443,12.89717296136487087486,12.89931061048695947786,89.99157167902137879615,89.99059045258969879207,89.99065848038459264799,2145.84187910082364910465
/gpfs/scratch/vkb5066/bulkNew/poscarsBulkNew/5372/0.985,0.985,-120.04655574,18,14,12.49319520245342469070,12.49529350387033887141,12.49532100472942051845,89.99129757918167934109,89.99028321020628429279,89.99035434461918705623,1950.59626134778827576822
/gpfs/scratch/vkb5066/bulkNew/poscarsBulkNew/5372/0.9925,0.9925,-120.10082380,9,14,12.58832105271775709937,12.59043533109298214964,12.59046304188486620277,89.99136391789631137564,89.99035721338991185444,89.99042781194378155316,1995.49315513790548698594
/gpfs/scratch/vkb5066/bulkNew/poscarsBulkNew/5372/1.0,1.0,-120.11752577,1,14,12.68344690309312273002,12.68557715822728389438,12.68560507914698030882,89.99142926148717233184,89.99043010649455421719,89.99050017720218111733,2041.07374487816960414846
/gpfs/scratch/vkb5066/bulkNew/poscarsBulkNew/5372/1.0075,1.0075,-120.08075424,9,14,12.77857275347927874373,12.78071898537298739959,12.78074711641561191672,89.99149363217884261339,89.99050191431167269732,89.99057146500753483452,2087.34319702098848064824
/gpfs/scratch/vkb5066/bulkNew/poscarsBulkNew/5372/1.015,1.015,-120.00716016,21,14,12.87369860377598418544,12.87586081262983645604,12.87588915359062020816,89.99155705153898397715,89.99057266089996282449,89.99064169924547875247,2134.30667801780333414296
/gpfs/scratch/vkb5066/bulkNew/poscarsBulkNew/5613/0.985,0.985,-119.93558829,21,14,12.53667582851577724197,12.53682688322953929122,12.53675152563500603735,89.99132663424602742923,89.99031646463794663173,89.99038727359939961293,1970.40284442293559752965
/gpfs/scratch/vkb5066/bulkNew/poscarsBulkNew/5613/0.9925,0.9925,-119.95995416,15,14,12.63213274958265904913,12.63228495445475648569,12.63220902369192045288,89.99139275338189922599,89.99039021651446473486,89.99046049206479210138,2015.75562654899107647111
/gpfs/scratch/vkb5066/bulkNew/poscarsBulkNew/5613/1.0,1.0,-119.96420696,1,14,12.72758967066053950655,12.72774302559159531690,12.72766652175548105362,89.99145788068794060829,89.99046286208174062019,89.99053261219722032811,2061.79904692200685504025
/gpfs/scratch/vkb5066/bulkNew/poscarsBulkNew/5613/1.0075,1.0075,-119.92183659,19,14,12.82304659174917102925,12.82320109673979824155,12.82312401982553961139,89.99152203831518785493,89.99053442604711709408,89.99060365852649342931,2108.53832448663649301967
/gpfs/scratch/vkb5066/bulkNew/poscarsBulkNew/5613/1.015,1.015,-119.94554352,70,14,12.91850351284831539091,12.91865916799910958760,12.91858151790195198502,89.99158524775993484363,89.99060493238765803978,89.99067365485736055468,2155.97867818850483988221
/gpfs/scratch/vkb5066/bulkNew/poscarsBulkNew/6504/0.985,0.985,-119.91573345,21,14,12.51826884247577831584,12.51903420871760306918,12.51898369665878727136,89.98881465517347778258,89.99263158986142783291,89.99107186867837694084,1961.93293081283873906728
/gpfs/scratch/vkb5066/bulkNew/poscarsBulkNew/6504/0.9925,0.9925,-119.95292438,15,14,12.61358560937797636230,12.61435680269580828596,12.61430590617899705854,89.98889975585348243284,89.99268784847319991914,89.99113991270916021925,2007.09076084385502198066
/gpfs/scratch/vkb5066/bulkNew/poscarsBulkNew/6504/1.0,1.0,-119.96552506,1,14,12.70890237618764153703,12.70967939678483873413,12.70962811570940538531,89.98898357999048946246,89.99274326315406360581,89.99120693604097973898,2052.93626038115946162976
/gpfs/scratch/vkb5066/bulkNew/poscarsBulkNew/6504/1.0075,1.0075,-119.93021501,18,14,12.80421914300460688205,12.80500199088445602191,12.80495032524978113069,89.98906615609358557513,89.99279785275228180195,89.99127296146945997962,2099.47462591976257419295
/gpfs/scratch/vkb5066/bulkNew/poscarsBulkNew/6504/1.015,1.015,-119.90742604,100,14,12.89953590992871066821,12.90032458489442200408,12.90027253479990680435,89.98914751182920895960,89.99285163555899667836,89.99133801111643585413,2146.71105395467498308064
/gpfs/scratch/vkb5066/bulkNew/poscarsBulkNew/6770/0.985,0.985,-119.91507968,22,14,12.51798291737728289425,12.51839858102245362135,12.51825059206405541548,89.98881403949745541607,89.99263127933479694466,89.99107154314955276239,1961.67362705215664364813
/gpfs/scratch/vkb5066/bulkNew/poscarsBulkNew/6770/0.9925,0.9925,-119.95205146,10,14,12.61329750717947067038,12.61371633520062138859,12.61356721958422539215,89.98889914483017284922,89.99268754029340453146,89.99113958964044035625,2006.82548868821828029371
/gpfs/scratch/vkb5066/bulkNew/poscarsBulkNew/6770/1.0,1.0,-119.96584468,1,14,12.70861209688912394532,12.70903408948961663695,12.70888384711459450557,89.98898297355009902323,89.99274295728589463259,89.99120661539546212879,2052.66492894308239777018
/gpfs/scratch/vkb5066/bulkNew/poscarsBulkNew/6770/1.0075,1.0075,-119.93073175,20,14,12.80392668660607935730,12.80435184378919766239,12.80420047465493162141,89.98906555416787989043,89.99279754916132218825,89.99127264321106274020,2099.19714362495217951445
/gpfs/scratch/vkb5066/bulkNew/poscarsBulkNew/6770/1.015,1.015,-119.92649589,85,14,12.89924127643017157348,12.89966959799912960778,12.89951710220501923643,89.98914691435146186688,89.99285133421158679146,89.99133769520987998128,2146.42732854203079217763
/gpfs/scratch/vkb5066/bulkNew/poscarsBulkNew/7256/0.985,0.985,-119.91343730,21,14,12.51596496673547839114,12.51537036519953885214,12.51715270365315267164,89.98965420832769398756,89.99269242145091768754,89.99107269417471668938,1960.71097276620281132239
/gpfs/scratch/vkb5066/bulkNew/poscarsBulkNew/7256/0.9925,0.9925,-119.95233207,15,14,12.61126419144856012363,12.61066506186578909370,12.61246097181244895215,89.98973296471551089104,89.99274821975510159174,89.99114073211427963521,2005.84067691962852039457
/gpfs/scratch/vkb5066/bulkNew/poscarsBulkNew/7256/1.0,1.0,-119.96727753,1,14,12.70656341606894572608,12.70595975864304567925,12.70776924007985579081,89.98981053972566800658,89.99280318104228698518,89.99120774944406847717,2051.65762229031763015842
/gpfs/scratch/vkb5066/bulkNew/poscarsBulkNew/7256/1.0075,1.0075,-119.93239997,18,14,12.80186264069647198651,12.80125445543106271254,12.80307750835519205912,89.98988695974191750572,89.99285732400610534239,89.99127376895775640003,2098.16700212105573877859
/gpfs/scratch/vkb5066/bulkNew/poscarsBulkNew/7256/1.015,1.015,-119.97830895,80,14,12.89716186543098061397,12.89654915212960156221,12.89838577653828018206,89.98996225036817177155,89.99291066678763997338,89.99133881277528814402,2145.37400965365941920703
/gpfs/scratch/vkb5066/bulkNew/poscarsBulkNew/7497/0.985,0.985,-120.04434043,16,14,12.49273215665530974263,12.49295689437374382381,12.49113417920219537886,89.98963406159385899554,89.99267790354034239604,89.99105625565331148545,1949.50578232487078453274
/gpfs/scratch/vkb5066/bulkNew/poscarsBulkNew/7497/0.9925,0.9925,-120.09962213,8,14,12.58785448166748465148,12.58808093023867745240,12.58624433686036409457,89.98971297023241823541,89.99273381156289243765,89.99112441782344079806,1994.37757651691925480008
/gpfs/scratch/vkb5066/bulkNew/poscarsBulkNew/7497/1.0,1.0,-120.11681252,1,14,12.68297680678697871213,12.68320496601463887270,12.68135449452666206298,89.98979069520930805445,89.99278888092253548152,89.99119155752018640497,2039.93268442280621863286
/gpfs/scratch/vkb5066/bulkNew/poscarsBulkNew/7497/1.0075,1.0075,-120.08503366,18,14,12.77809913191362681029,12.77832900180137814592,12.77646465220090417770,89.98986726295941555950,89.99284313034963008336,89.99125769757884627567,2086.17626962223187605571
/gpfs/scratch/vkb5066/bulkNew/poscarsBulkNew/7497/1.015,1.015,-120.01011281,23,14,12.87322145694727016162,12.87345303769865831130,12.87157480988291789706,89.98994269913627201907,89.99289657802090078393,89.99132286015975920409,2133.11349569489870872605
/gpfs/scratch/vkb5066/bulkNew/poscarsBulkNew/7543/0.985,0.985,-119.93525010,19,14,12.53577676973364281762,12.53501405414737403345,12.53671073004152582887,89.98967050552521621172,89.99270401957242421487,89.99108686176015129612,1969.97023416367171890789
/gpfs/scratch/vkb5066/bulkNew/poscarsBulkNew/7543/0.9925,0.9925,-119.95977876,15,14,12.63122684574749498538,12.63045832211477393761,12.63216791720166464007,89.98974913875373950349,89.99275973022443450227,89.99115479263130457857,2015.31305884182917673051
/gpfs/scratch/vkb5066/bulkNew/poscarsBulkNew/7543/1.0,1.0,-119.96467559,1,14,12.72667692166863758007,12.72590259009316283858,12.72762510446990315647,89.98982659245205083635,89.99281460517436246442,89.99122170449880401128,2061.34637014929804920845
/gpfs/scratch/vkb5066/bulkNew/poscarsBulkNew/7543/1.0075,1.0075,-119.92138014,17,14,12.82212699759691134749,12.82134685808229522453,12.82308229174605693213,89.98990289296268222772,89.99286866308647211679,89.99128762012048422664,2108.07538586917248684962
/gpfs/scratch/vkb5066/bulkNew/poscarsBulkNew/7543/1.015,1.015,-119.94667328,77,14,12.91757707363215644687,12.91679112608193493718,12.91853947892995226625,89.98997806584954838237,89.99292192207334570927,89.99135256158151412921,2155.50532378454706195297
/gpfs/scratch/vkb5066/bulkNew/poscarsBulkNew/7689/0.985,0.985,-119.91488919,20,14,12.51836414602312845260,12.51896134067168633629,12.51718191555298508489,89.98965577113746885971,89.99269317018431274291,89.99107486322631977629,1961.65408380970401185871
/gpfs/scratch/vkb5066/bulkNew/poscarsBulkNew/7689/0.9925,0.9925,-119.95301518,15,14,12.61368163853630340459,12.61428337993814814762,12.61249040621228322684,89.98973451571511181452,89.99274896283000747576,89.99114288477378964696,2006.80549558454446094597
/gpfs/scratch/vkb5066/bulkNew/poscarsBulkNew/7689/1.0,1.0,-119.96604363,1,14,12.70899913105678242625,12.70960541911561124742,12.70779889687969020859,89.98981207909213359439,89.99280391854359659529,89.99120988595734759246,2052.64447911130882418733
/gpfs/scratch/vkb5066/bulkNew/poscarsBulkNew/7689/1.0075,1.0075,-119.93065479,18,14,12.80431662358439903735,12.80492745830383180839,12.80310738755502830147,89.98988848764845257923,89.99285805601680595800,89.99127588956521382701,2099.17623016209647068055
/gpfs/scratch/vkb5066/bulkNew/poscarsBulkNew/7689/1.015,1.015,-119.92149239,100,14,12.89963411611899667780,12.90024949760257286613,12.89841587823811833035,89.98996376698426690370,89.99291139338888011102,89.99134091771204081385,2146.40594450997545884114
/gpfs/scratch/vkb5066/bulkNew/poscarsBulkNew/7717/0.985,0.985,-120.04506272,17,14,12.49152024556157241503,12.49374707916759120754,12.49360834038799449513,89.98963539934088278597,89.99267822653415817245,89.99105612851063357166,1949.82608942505523399972
/gpfs/scratch/vkb5066/bulkNew/poscarsBulkNew/7717/0.9925,0.9925,-120.10007900,8,14,12.58663334297370209511,12.58887713153257172747,12.58873733674627311224,89.98971429786986527777,89.99273413211568173568,89.99112429164163325736,1994.70525611659458763122
/gpfs/scratch/vkb5066/bulkNew/poscarsBulkNew/7717/1.0,1.0,-120.11697336,1,14,12.68174644029314813794,12.68400718400857764021,12.68386633321267587196,89.98979201288895661146,89.99278919907088207003,89.99119143228483844626,2040.26784880728205172220
/gpfs/scratch/vkb5066/bulkNew/poscarsBulkNew/7717/1.0075,1.0075,-120.08458254,18,14,12.77685953761975051234,12.77913723649536252411,12.77899532968702300442,89.98986857082952619476,89.99284344612933953755,89.99125757327586605998,2086.51903190960263350598
/gpfs/scratch/vkb5066/bulkNew/poscarsBulkNew/7717/1.015,1.015,-120.00942937,24,14,12.87197263505334901761,12.87426728889268753497,12.87412432606913830339,89.98994399734170372193,89.99289689146701291454,89.99132273677536190413,2133.46396983507535026705
/gpfs/scratch/vkb5066/bulkNew/poscarsBulkNew/7985/0.985,0.985,-119.93464306,21,14,12.53585708682173474348,12.53423979375219036023,12.53441023460324561915,89.99129565080310447404,89.99039254066752736174,89.98959923699701828691,1969.49969218931087509534
/gpfs/scratch/vkb5066/bulkNew/poscarsBulkNew/7985/0.9925,0.9925,-119.95916341,15,14,12.63130777393391267292,12.62967816648605330012,12.62984990511934140966,89.99136200478093094872,89.99046571856938769400,89.98967840917398547194,2014.83168649267613929316
/gpfs/scratch/vkb5066/bulkNew/poscarsBulkNew/7985/1.0,1.0,-119.96567490,1,14,12.72675846105640982731,12.72511653922990830182,12.72528957554569575492,89.99142736339573607568,89.99053779875807927100,89.98975639373059213984,2060.85400248356056954546
/gpfs/scratch/vkb5066/bulkNew/poscarsBulkNew/7985/1.0075,1.0075,-119.92197182,17,14,12.82220914818899199493,12.82055491198353221753,12.82072924598208125497,89.99149174887768645112,89.99060880574931713883,89.98983321719021032674,2107.57185671447633043106
/gpfs/scratch/vkb5066/bulkNew/poscarsBulkNew/7985/1.015,1.015,-119.94768603,81,14,12.91765983533143757426,12.91599328474670849499,12.91616891652827218133,89.99155518279986043341,89.99067876333418766172,89.98990890529225002543,2154.99046573890737967912
/gpfs/scratch/vkb5066/bulkNew/poscarsBulkNew/8297/0.985,0.985,-120.04454147,19,14,12.49213745624028994869,12.49171890725225549587,12.49360348619884683906,89.99126633873716265426,89.99035992519440746456,89.98956304988823884676,1949.60512187874736848914
/gpfs/scratch/vkb5066/bulkNew/poscarsBulkNew/8297/0.9925,0.9925,-120.09983841,10,14,12.58725525275006135931,12.58683351688385015319,12.58873244531270965675,89.99133291424063752622,89.99043334958105147266,89.98964249553694003679,1994.47920264056582543907
/gpfs/scratch/vkb5066/bulkNew/poscarsBulkNew/8297/1.0,1.0,-120.11602759,1,14,12.68237304927018630317,12.68194812652547078455,12.68386140453686463434,89.99139849105791527175,89.99050567255703653532,89.98972074946294365865,2040.03663195293712679676
/gpfs/scratch/vkb5066/bulkNew/poscarsBulkNew/8297/1.0075,1.0075,-120.08486038,18,14,12.77749084580043346215,12.77706273617689368259,12.77899036377108182507,89.99146309149331950598,89.99057691872057675571,89.98979783828124372060,2086.28257364309065465934
/gpfs/scratch/vkb5066/bulkNew/poscarsBulkNew/8297/1.015,1.015,-120.01013120,25,14,12.87260864234057655218,12.87217734583790315790,12.87411932291513807564,89.99152673719189714329,89.99064711194281513946,89.98987378782016142507,2133.22219153729070168647
/gpfs/scratch/vkb5066/bulkNew/poscarsBulkNew/8438/0.985,0.985,-119.93544551,20,14,12.53604954642033823302,12.53497428644702634122,12.53709613898385631492,89.99129681775913094273,89.99039377580570753198,89.98959961460235964241,1970.06740215753739972634
/gpfs/scratch/vkb5066/bulkNew/poscarsBulkNew/8438/0.9925,0.9925,-119.96004471,16,14,12.63150169893252722245,12.63041825178092741364,12.63255626050009782294,89.99136316291766292788,89.99046694437331244217,89.98967878392569445796,2015.41246343709724903868
/gpfs/scratch/vkb5066/bulkNew/poscarsBulkNew/8438/1.0,1.0,-119.96489512,1,14,12.72695385145503337841,12.72586221712481996238,12.72801638202659758723,89.99142851284550898443,89.99053901536781347782,89.98975676567147344382,2061.44804540589304986286
/gpfs/scratch/vkb5066/bulkNew/poscarsBulkNew/8438/1.0075,1.0075,-119.92171364,16,14,12.82240600398762459275,12.82130618247848255272,12.82347650356312455765,89.99149288976984884042,89.99061001330175974159,89.98983358636211791844,2108.17936610439753024823
/gpfs/scratch/vkb5066/bulkNew/poscarsBulkNew/8438/1.015,1.015,-119.94675740,76,14,12.91785815653008066736,12.91675014784169524509,12.91893662510945665403,89.99155631526086208123,89.99067996196315492059,89.98990927173610454273,2155.61164357308376581135
/gpfs/scratch/vkb5066/bulkNew/poscarsBulkNew/8445/0.985,0.985,-119.93545438,21,14,12.53504427362763728998,12.53678146693432012318,12.53479944200043497984,89.99129671130594305469,89.99039243658100987028,89.98959989887392714459,1969.83250139867221282443
/gpfs/scratch/vkb5066/bulkNew/poscarsBulkNew/8445/0.9925,0.9925,-119.95991077,17,14,12.63048877173977021930,12.63223919256831701358,12.63024207591655210643,89.99136305726904296334,89.99046561526945279263,89.98967906604895123781,2015.17215595627119365150
/gpfs/scratch/vkb5066/bulkNew/poscarsBulkNew/8445/1.0,1.0,-119.96488035,1,14,12.72593326996222284186,12.72769691811230404071,12.72568470994292746781,89.99142840798938331730,89.99053769623304118685,89.98975704567865281803,2061.20224888488295217286
/gpfs/scratch/vkb5066/bulkNew/poscarsBulkNew/8445/1.0075,1.0075,-119.92116327,19,14,12.82137776819476133172,12.82315464366605970132,12.82112734397933367259,89.99149278569441674063,89.99060870398764022841,89.98983386428472367253,2107.92799758709342368564
/gpfs/scratch/vkb5066/bulkNew/poscarsBulkNew/8445/1.015,1.015,-119.94680673,76,14,12.91682226633716547356,12.91861236932936408639,12.91656997792554500055,89.99155621195458590280,89.99067866232447103848,89.98990954760494340693,2155.35461946451602656766
/gpfs/scratch/vkb5066/bulkNew/poscarsBulkNew/8565/0.985,0.985,-119.93520266,19,14,12.53585403282175641831,12.53469671064897812154,12.53687937478541969202,89.99129664368196761595,89.99039361554100934437,89.98959941838223118949,1969.95899123202897511600
/gpfs/scratch/vkb5066/bulkNew/poscarsBulkNew/8565/0.9925,0.9925,-119.95971419,16,14,12.63130469673393587980,12.63013856238286534402,12.63233784580165147787,89.99136299015605209400,89.99046678531980328502,89.98967858918843720377,2015.30155721503064180952
/gpfs/scratch/vkb5066/bulkNew/poscarsBulkNew/8565/1.0,1.0,-119.96487722,1,14,12.72675536055643086946,12.72558041422674256338,12.72779631682813969733,89.99142834137975458153,89.99053885750729283808,89.98975657239483954787,2061.33460588853922913305
/gpfs/scratch/vkb5066/bulkNew/poscarsBulkNew/8565/1.0075,1.0075,-119.92141571,17,14,12.82220602438901277481,12.82102226608039014067,12.82325478786465369629,89.99149271958065365658,89.99060985661646223250,89.98983339452435935179,2108.06335500588272126174
/gpfs/scratch/vkb5066/bulkNew/poscarsBulkNew/8565/1.015,1.015,-119.94673069,76,14,12.91765668833145979357,12.91646411784358973216,12.91871325891097469073,89.99155614632932177858,89.99067980643574415331,89.98990908131596036892,2155.49302232038901509242
/gpfs/scratch/vkb5066/bulkNew/poscarsBulkNew/8620/0.985,0.985,-120.04612837,18,14,12.49447310707266594620,12.49348422684087394583,12.49351542781225972742,89.99221772405297024977,89.99109442122143651889,89.98908091998336378954,1950.23146687417865670369
/gpfs/scratch/vkb5066/bulkNew/poscarsBulkNew/8620/0.9925,0.9925,-120.10039978,8,14,12.58960868762324953947,12.58861227813225253661,12.58864371677413162102,89.99227710976201362685,89.99116229534149294885,89.98916400854424716140,1995.11996419758444576366
/gpfs/scratch/vkb5066/bulkNew/poscarsBulkNew/8620/1.0,1.0,-120.11727655,1,14,12.68474426818507616672,12.68374032943276034544,12.68377200574407553315,89.99233560463895690602,89.99122915130363728990,89.98924585074450747786,2040.69202959268970216481
/gpfs/scratch/vkb5066/bulkNew/poscarsBulkNew/8620/1.0075,1.0075,-120.08434218,18,14,12.77987984875789128301,12.77886838074219359179,12.77890029472191099764,89.99239322857934787671,89.99129501184691034819,89.98932647441921391537,2086.95282856129562404038
/gpfs/scratch/vkb5066/bulkNew/poscarsBulkNew/8620/1.015,1.015,-120.00795866,22,14,12.87501542934145456348,12.87399643206035632111,12.87402858370746507638,89.99245000089064920985,89.99135989903822872322,89.98940590658070677943,2133.90752660520516462405
/gpfs/scratch/vkb5066/bulkNew/poscarsBulkNew/8660/0.985,0.985,-119.93539892,22,14,12.53513802285094327281,12.53739763125877172228,12.53525693057512882904,89.99224451862143899350,89.99112393857701082146,89.98911798688078811455,1970.01595250892616331969
/gpfs/scratch/vkb5066/bulkNew/poscarsBulkNew/8660/0.9925,0.9925,-119.95998045,16,14,12.63058323470395842609,12.63286004855228256576,12.63070304823879274982,89.99230370183133952877,89.99119158962365992347,89.98920079532457119165,2015.35982952235159174933
/gpfs/scratch/vkb5066/bulkNew/poscarsBulkNew/8660/1.0,1.0,-119.96471309,1,14,12.72602844656817834595,12.72832246585489075099,12.72614916591050171022,89.99236199724694518902,89.99125822585879795727,89.98928236160970455864,2061.39420919041492856593
/gpfs/scratch/vkb5066/bulkNew/poscarsBulkNew/8660/1.0075,1.0075,-119.92219641,18,14,12.82147365844335280185,12.82378488316639311155,12.82159528359007614435,89.99241942469595113136,89.99132386994673033508,89.98936271347741489366,2108.12430941730667423614
/gpfs/scratch/vkb5066/bulkNew/poscarsBulkNew/8660/1.015,1.015,-119.94554631,71,14,12.91691887032923895927,12.91924730048659068592,12.91704140127734149662,89.99247600341998174383,89.99138854388183988158,89.98944187784896572512,2155.55534810721697981944
/gpfs/scratch/vkb5066/bulkNew/poscarsBulkNew/8780/0.985,0.985,-119.93431056,20,14,12.53581657144559239076,12.53414690817958778419,12.53451603867932443670,89.99224333268743768894,89.99112392488367770702,89.98911689192920548505,1969.49536207852065506160
/gpfs/scratch/vkb5066/bulkNew/poscarsBulkNew/8780/0.9925,0.9925,-119.95923099,15,14,12.63126694999864737674,12.62958457377293973502,12.62995651504295525561,89.99230252486004387077,89.99119157603385088531,89.98919970864765957174,2014.82725667184963376084
/gpfs/scratch/vkb5066/bulkNew/poscarsBulkNew/8780/1.0,1.0,-119.96554008,1,14,12.72671732846290832357,12.72502223937539318699,12.72539699141463348967,89.99236082910390378228,89.99125821237092731444,89.98928128308329461018,2060.84947143394746307297
/gpfs/scratch/vkb5066/bulkNew/poscarsBulkNew/8780/1.0075,1.0075,-119.92200095,20,14,12.82216770693812141350,12.82045990498674312099,12.82083746779417746236,89.99241826524970951104,89.99132385655927672579,89.98936164298015160374,2107.56722290584657310346
/gpfs/scratch/vkb5066/bulkNew/poscarsBulkNew/8780/1.015,1.015,-119.94912635,84,14,12.91761808552404742438,12.91589757060679052436,12.91627794418141300781,89.99247485254200121085,89.99138853059335512170,89.98944081526222844056,2154.98572762955247579110
/gpfs/scratch/vkb5066/bulkNew/poscarsBulkNew/8887/0.985,0.985,-119.93477683,18,14,12.53556435695092677298,12.53475214585980883739,12.53460556658686408467,89.98993508971081165779,89.99014076607711476424,89.99262263066417974789,1969.56490499787838857884
/gpfs/scratch/vkb5066/bulkNew/poscarsBulkNew/8887/0.9925,0.9925,-119.95941235,18,14,12.63101281536112129052,12.63019441982988575880,12.63004672444464587164,89.99001172379943196897,89.99021584577507337793,89.99267895721024266514,2014.89840024844940925744
/gpfs/scratch/vkb5066/bulkNew/poscarsBulkNew/8887/1.0,1.0,-119.96540197,1,14,12.72646127378016289022,12.72563669380941152480,12.72548788231206093021,89.99008720834137518861,89.99028979924461354594,89.99273443880294862862,2060.92224005890055604721
/gpfs/scratch/vkb5066/bulkNew/poscarsBulkNew/8887/1.0075,1.0075,-119.92129464,17,14,12.82190973220785399457,12.82107896779817511901,12.82092904018889412529,89.99016156900968069162,89.99036265163796901938,89.99278909431344361581,2107.64164113875317807689
/gpfs/scratch/vkb5066/bulkNew/poscarsBulkNew/8887/1.015,1.015,-119.94762801,79,14,12.91735819064400276577,12.91652124179597176199,12.91637019807493668045,89.99023483071856091800,89.99043442736393413271,89.99284294205507413558,2155.06182019752860779182
/gpfs/scratch/vkb5066/bulkNew/poscarsBulkNew/9572/0.985,0.985,-119.93494825,18,14,12.53684188124297215841,12.53531690945605316168,12.53551691078068585747,89.98993568092964207703,89.99014164496910187344,89.99262316454269583580,1969.99759742937502954312
/gpfs/scratch/vkb5066/bulkNew/poscarsBulkNew/9572/0.9925,0.9925,-119.96000967,16,14,12.63230006695322697833,12.63076348362615716371,12.63096500773851463478,89.99001231055029488933,89.99021671802513062296,89.99267948705384701288,2015.34105194327492260572
/gpfs/scratch/vkb5066/bulkNew/poscarsBulkNew/9572/1.0,1.0,-119.96490882,2,14,12.72775825267232787888,12.72621005780571138461,12.72641310480597608267,89.99008779069133254052,89.99029066495241158190,89.99273496467217064352,2061.37500269391088083415
/gpfs/scratch/vkb5066/bulkNew/poscarsBulkNew/9572/1.0075,1.0075,-119.92174638,17,14,12.82321643840007750266,12.82165663199450301752,12.82186120188285318236,89.99016214702425937923,89.99036351090091466473,89.99278961626746696316,2108.10466752114157639956
/gpfs/scratch/vkb5066/bulkNew/poscarsBulkNew/9572/1.015,1.015,-119.94595499,74,14,12.91867462413628393144,12.91710320619232729223,12.91730929886894077325,89.99023540446179818544,89.99043528027724505323,89.99284346015176696787,2155.53526426385494196074
/gpfs/scratch/vkb5066/bulkNew/poscarsBulkNew/9870/0.985,0.985,-119.91438600,22,14,12.51675723680497707583,12.51880317612374308340,12.51678039787625631104,89.99117770632008242367,89.99095837101978319806,89.99057056892704450434,1961.31457909571779592728
/gpfs/scratch/vkb5066/bulkNew/poscarsBulkNew/9870/0.9925,0.9925,-119.95200033,10,14,12.61206249392962440919,12.61412401149081887527,12.61208583060666253672,89.99124495161873716691,89.99102727333056341336,89.99064240014640194213,2006.45817647433341812828
/gpfs/scratch/vkb5066/bulkNew/poscarsBulkNew/9870/1.0,1.0,-119.96637197,1,14,12.70736775116140192901,12.70944484676588684275,12.70739126335011267034,89.99131118818378061987,89.99109514205905554760,89.99071315387341804366,2052.28922662214095451446
/gpfs/scratch/vkb5066/bulkNew/poscarsBulkNew/9870/1.0075,1.0075,-119.93103605,18,14,12.80267300840015059862,12.80476568204877186201,12.80269669610631540874,89.99137643854398685792,89.99116200028877232942,89.99078285417173395917,2098.81292439633589313494
/gpfs/scratch/vkb5066/bulkNew/poscarsBulkNew/9870/1.015,1.015,-119.93739076,100,14,12.89797826554571568781,12.90008651743929728581,12.89800212887498805873,89.99144072456222350733,89.99122787042092544514,89.99085152439373368950,2146.03446465411240095878
/gpfs/scratch/vkb5066/bulkNew/poscarsBulkNew/9954/0.985,0.985,-119.91321128,19,14,12.51719341480278436952,12.51549276274239748289,12.51539093708903339640,89.99117618298263745033,89.99095787531128783762,89.99056940866276528776,1960.64659585534816948586
/gpfs/scratch/vkb5066/bulkNew/poscarsBulkNew/9954/0.9925,0.9925,-119.95132151,10,14,12.61250199312744946693,12.61078839190933041335,12.61068579021934167916,89.99124343979404327611,89.99102678136825405091,89.99064124865024862595,2005.77481827174850439356
/gpfs/scratch/vkb5066/bulkNew/poscarsBulkNew/9954/1.0,1.0,-119.96763722,1,14,12.70781057145924280282,12.70608402098426113383,12.70598064336269711802,89.99130968769912514421,89.99109465378671012143,89.99071201101382693024,2051.59025930942265039336
/gpfs/scratch/vkb5066/bulkNew/poscarsBulkNew/9954/1.0075,1.0075,-119.93278914,19,14,12.80311914979800874557,12.80137965006700927329,12.80127549651880657746,89.99137494923051663482,89.99116151565144835296,89.99078171982011644823,2098.09811207197235117432
/gpfs/scratch/vkb5066/bulkNew/poscarsBulkNew/9954/1.015,1.015,-119.85944626,37,14,12.89842772814358916991,12.89667527925739983867,12.89657034958738733378,89.99143924625478428859,89.99122738936488377598,89.99085039842438644508,2145.30356964733257718077
/gpfs/scratch/vkb5066/bulkNew/poscarsBulkNew/9983/0.985,0.985,-120.04420424,18,14,12.49239280512766276097,12.49166139217697702038,12.49182514030614877018,89.99115931828008557431,89.99094032340578203215,89.99055092128309749432,1949.35849301928911044307
/gpfs/scratch/vkb5066/bulkNew/poscarsBulkNew/9983/0.9925,0.9925,-120.09906398,8,14,12.58751254635138279433,12.58677556414289297736,12.58694055833481668505,89.99122670254631831760,89.99100936210916734373,89.99062290097998366769,1994.22689704080937984058
/gpfs/scratch/vkb5066/bulkNew/poscarsBulkNew/9983/1.0,1.0,-120.11609846,1,14,12.68263228758224882113,12.68188973611682187842,12.68205597647655626513,89.99129307599426780222,89.99107736518420403566,89.99069380095726938333,2039.77856316609659632924
/gpfs/scratch/vkb5066/bulkNew/poscarsBulkNew/9983/1.0075,1.0075,-120.08503156,15,14,12.77775202882009769364,12.77700390809858321241,12.77717139463107222622,89.99135846119920298033,89.99114435576008459143,89.99076364532833613889,2086.01865456912809802110
/gpfs/scratch/vkb5066/bulkNew/poscarsBulkNew/9983/1.015,1.015,-120.01102866,21,14,12.87287177006477637981,12.87211808008800145617,12.87228681269808471126,89.99142288006910719915,89.99121035628235310813,89.99083245749383439385,2132.95233442291807301439
